,weight,available modification,product number,formula,absorption,emission max,solution,name,molar absorbance
0,777.03,Carboxylic acid,350-00,C19H20N2O11S2 * 2 C8H20N,353,432,(in PBS),DY-350,"19,000"
1,874.10,NHS-ester,350-01,C23H23N3O13S2 * 2 C8H20N,353,432,(in PBS),DY-350,"19,000"
2,689.86,Amino-derivative,350-02,C21H27N4O10S2 * C8H20N,353,432,(in PBS),DY-350,"19,000"
3,899.15,Maleimide,350-03,C25H26N4O12S2 * 2 C8H20N,353,432,(in PBS),DY-350,"19,000"
6,454.43,Carboxylic acid,351-00,C20H19N2O7S * Na,338,437,(in PBS),DY-351,"33,000"
7,551.50,NHS-ester,351-01,C24H22N3O9S * Na,338,437,(in PBS),DY-351,"33,000"
8,474.53,Amino-derivative,351-02,C22H26N4O6S,338,437,(in PBS),DY-351,"33,000"
9,576.55,Maleimide,351-03,C26H25N4O8S * Na,338,437,(in PBS),DY-351,"33,000"
13,695.59,Carboxylic acid,405-00,C24H20NO13S3 * 3 Na,400,423,(in PBS),DY-405,"32,000"
14,792.66,NHS-ester,405-01,C28H23N2O15S3 * 3 Na,400,423,(in PBS),DY-405,"32,000"
15,715.69,Amino-derivative,405-02,C26H27N3O12S3 * 2 Na,400,423,(in PBS),DY-405,"32,000"
16,817.72,Maleimide,405-03,C30H26N3O14S3 * 3 Na,400,423,(in PBS),DY-405,"32,000"
19,455.78,Carboxylic acid,410-00,C16H15ClNO9S * Na,405,460,(in PBS),DY-410,"34,000"
20,552.87,NHS-ester,410-01,C20H18ClN2O11S * Na,405,460,(in PBS),DY-410,"34,000"
21,475.90,Amino-derivative,410-02,C18H22ClN3O8S,405,460,(in PBS),DY-410,"34,000"
22,577.92,Maleimide,410-03,C22H21ClN3O10S * Na,405,460,(in PBS),DY-410,"34,000"
25,476.48,Carboxylic acid,415-00,C20H25N2O8S * Na,418,463,(in Ethanol),DY-415,"40,000"
26,573.56,NHS-ester,415-01,C24H28N3O10S * Na,418,463,(in Ethanol),DY-415,"40,000"
27,496.59,Amino-derivative,415-02,C22H32N4O7S,418,463,(in Ethanol),DY-415,"40,000"
28,598.61,Maleimide,415-03,C26H31N4O9S * Na,418,463,(in Ethanol),DY-415,"40,000"
31,542.58,Carboxylic acid,430-00,C25H31N2O8S * Na,444,487,(PBS),DY-430,"37,000"
32,639.65,NHS-ester,430-01,C29H34N3O10S * Na,444,487,(PBS),DY-430,"37,000"
33,562.68,Amino-derivative,430-02,C27H38N4O7S,444,487,(PBS),DY-430,"37,000"
34,664.70,Maleimide,430-03,C31H37N4O9S * Na,444,487,(PBS),DY-430,"37,000"
41,644.63,Carboxylic acid,431-00,C25H30N2O11S2 * 2 Na,442,496,(in PBS),DY-431,"35,000"
42,741.69,NHS-ester,431-01,C29H33N3O13S2 * 2 Na,442,496,(in PBS),DY-431,"35,000"
43,664.72,Amino-derivative,431-02,C27H37N4O10S2 * Na,442,496,(in PBS),DY-431,"35,000"
44,766.75,Maleimide,431-03,C31H36N4O12S2 * 2 Na,442,496,(in PBS),DY-431,"35,000"
47,565.43,Carboxylic acid,478-00,C27H32N3O3S * BF4,478,518,(in Ethanol),DY-478,"90,000"
48,662.50,NHS-ester,478-01,C31H35N4O5S * BF4,478,518,(in Ethanol),DY-478,"90,000"
49,592.62,Amino-derivative,478-02,C29H39N5O2S * 2 Cl,478,518,(in Ethanol),DY-478,"90,000"
50,687.55,Maleimide,478-03,C33H38N5O4S * BF4,478,518,(in Ethanol),DY-478,"90,000"
53,677.61,Carboxylic acid,490-00,C24H20N3O13S3 * Na,491,515,(in PBS),DY-490,"73,000"
54,1011.20,NHS-ester,490-01,C28H22N4O15S3 * 2 C8H20N,491,515,(in PBS),DY-490,"73,000"
55,925.78,Amino-derivative,490-02,C26H29N5O12S3 * 2 C2F3O2,491,515,(in PBS),DY-490,"73,000"
56,799.74,Maleimide,490-03,C30H26N5O14S3 * Na,491,515,(in PBS),DY-490,"73,000"
59,525.94,Carboxylic acid,495-00,C27H24NO8 * Cl,494,521,(in pH9-buffer),DY-495,"78,000"
60,623.02,NHS-ester,495-01,C31H27N2O10 * Cl,494,521,(in pH9-buffer),DY-495,"78,000"
61,604.49,Amino-derivative,495-02,C29H31N3O7 * 2 Cl,494,521,(in pH9-buffer),DY-495,"78,000"
62,725.62,Maleimide,495-03,C33H30N3O9 * C2F3O2,494,521,(in pH9-buffer),DY-495,"78,000"
69,523.97,Carboxylic acid,505-00,C27H26N3O6 * Cl,507,528,(in Ethanol),DY-505,"80,000"
70,621.05,NHS-ester,505-01,C31H29N4O8 * Cl,507,528,(in Ethanol),DY-505,"80,000"
71,602.53,Amino-derivative,505-02,C29H33N5O5 * 2 Cl,507,528,(in Ethanol),DY-505,"80,000"
72,723.67,Maleimide,505-03,C33H32N5O7 * C2F3O2,507,528,(in Ethanol),DY-505,"80,000"
75,695.75,Carboxylic acid,530-00,C31H34N3O10S2 * Na,533,554,(in PBS),DY-530,"100,000"
76,792.82,NHS-ester,530-01,C35H37N4O12S2 * Na,533,554,(in PBS),DY-530,"100,000"
77,715.85,Amino-derivative,530-02,C33H41N5O9S2,533,554,(in PBS),DY-530,"100,000"
78,817.88,Maleimide,530-03,C37H40N5O11S2 * Na,533,554,(in PBS),DY-530,"100,000"
81,792.68,Carboxylic acid,546-00,C33H36Cl2N3O10S2 * Na,549,569,(in PBS),DY-546,"100,000"
82,889.75,NHS-ester,546-01,C37H39Cl2N4O12S2 * Na,549,569,(in PBS),DY-546,"100,000"
83,812.78,Amino-derivative,546-02,C35H43Cl2N5O9S2,549,569,(in PBS),DY-546,"100,000"
84,914.80,Maleimide,546-03,C39H42Cl2N5O11S2 * Na,549,569,(in PBS),DY-546,"100,000"
87,682.78,Carboxylic acid,547P1-00,C32H39N2O9S2 * Na,551,565,(in PBS),DY-547P1,"150,000"
88,779.85,NHS-ester,547P1-01,C36H42N3O11S2 * Na,551,565,(in PBS),DY-547P1,"150,000"
89,702.88,Amino-derivative,547P1-02,C34H46N4O8S2,551,565,(in PBS),DY-547P1,"150,000"
90,804.90,Maleimide,547P1-03,C38H45N4O10S2 * Na,551,565,(in PBS),DY-547P1,"150,000"
93,812.88,Carboxylic acid,548P1-00,C34H42N2O12S3 * 2 Na,554,568,(in PBS),DY-548P1,"150,000"
94,909.95,NHS-ester,548P1-01,C38H45N3O14S3 * 2 Na,554,568,(in PBS),DY-548P1,"150,000"
95,832.98,Amino-derivative,548P1-02,C36H49N4O11S3 * Na,554,568,(in PBS),DY-548P1,"150,000"
96,935.00,Maleimide,548P1-03,C40H48N4O13S3 * 2 Na,554,568,(in PBS),DY-548P1,"150,000"
103,942.99,Carboxylic acid,549P1-00,C36H45N2O15S4 * 3 Na,556,570,(in PBS),DY-549P1,"150,000"
104,1040.06,NHS-ester,549P1-01,C40H48N3O17S4 * 3 Na,556,570,(in PBS),DY-549P1,"150,000"
105,963.09,Amino-derivative,549P1-02,C38H52N4O14S4 * 2 Na,556,570,(in PBS),DY-549P1,"150,000"
106,1065.12,Maleimide,549P1-03,C42H51N4O16S4 * 3 Na,556,570,(in PBS),DY-549P1,"150,000"
109,667.76,Carboxylic acid,550-00,C32H42N3O9S * Na,558,577,(in Ethanol),DY-550,"120,000"
110,764.83,NHS-ester,550-01,C36H45N4O11S * Na,558,577,(in Ethanol),DY-550,"120,000"
111,687.86,Amino-derivative,550-02,C34H49N5O8S,558,577,(in Ethanol),DY-550,"120,000"
112,789.89,Maleimide,550-03,C38H48N5O10S * Na,558,577,(in Ethanol),DY-550,"120,000"
127,580.08,Carboxylic acid,554-00,C31H34N3O6 * Cl,544,570,(in Ethanol),DY-554,"100,000"
128,677.16,NHS-ester,554-01,C35H37N4O8 * Cl,544,570,(in Ethanol),DY-554,"100,000"
129,658.62,Amino-derivative,554-02,C33H41N5O5 * 2 Cl,544,570,(in Ethanol),DY-554,"100,000"
130,779.78,Maleimide,554-03,C37H40N5O7 * C2F3O2,544,570,(in Ethanol),DY-554,"100,000"
133,636.19,Carboxylic acid,555-00,C35H42N3O6 * Cl,547,573,(in Ethanol),DY-555,"100,000"
134,733.27,NHS-ester,555-01,C39H45N4O8 * Cl,547,573,(in Ethanol),DY-555,"100,000"
135,714.72,Amino-derivative,555-02,C37H49N5O5 * 2 Cl,547,573,(in Ethanol),DY-555,"100,000"
136,721.86,Maleimide,555-03,C41H47N5O7,547,573,(in Ethanol),DY-555,"100,000"
143,715.80,Carboxylic acid,556-00,C36H42N3O9S * Na,548,574,(in Ethanol),DY-556,"100,000"
144,812.88,NHS-ester,556-01,C40H45N4O11S * Na,548,574,(in Ethanol),DY-556,"100,000"
145,735.91,Amino-derivative,556-02,C38H49N5O8S,548,574,(in Ethanol),DY-556,"100,000"
146,837.93,Maleimide,556-03,C42H48N5O10S * Na,548,574,(in Ethanol),DY-556,"100,000"
149,831.86,Carboxylic acid,557-00,C37H43N3O12S2 * 2 Na,556,576,(in Ethanol),DY-557,"100,000"
150,928.93,NHS-ester,557-01,C41H46N4O14S2 * 2 Na,556,576,(in Ethanol),DY-557,"100,000"
151,851.96,Amino-derivative,557-02,C39H50N5O11S2 * Na,556,576,(in Ethanol),DY-557,"100,000"
152,953.98,Maleimide,557-03,C43H49N5O13S2 * 2 Na,556,576,(in Ethanol),DY-557,"100,000"
155,671.84,Carboxylic acid,560-00,C33H41N3O8S2,560,578,(in Ethanol),DY-560,"120,000"
156,768.91,NHS-ester,560-01,C37H44N4O10S2,560,578,(in Ethanol),DY-560,"120,000"
157,750.38,Amino-derivative,560-02,C35H48N5O7S2 * Cl,560,578,(in Ethanol),DY-560,"120,000"
158,793.97,Maleimide,560-03,C39H47N5O9S2,560,578,(in Ethanol),DY-560,"120,000"
161,571.06,Carboxylic acid,580-00,C33H31N2O5 * Cl,572,589,(in Ethanol),DY-580,"100,000"
162,745.70,NHS-ester,580-01,C37H34N3O7 * C2F3O2,572,589,(in Ethanol),DY-580,"100,000"
163,649.60,Amino-derivative,580-02,C35H38N4O4 * 2 Cl,572,589,(in Ethanol),DY-580,"100,000"
164,770.75,Maleimide,580-03,C39H37N4O6 * C2F3O2,572,589,(in Ethanol),DY-580,"100,000"
172,803.92,Carboxylic acid,585-00,C39H46N3O10S2 * Na,584,604,(in Ethanol),DY-585,"120,000"
173,900.99,NHS-ester,585-01,C43H49N4O12S2 * Na,584,604,(in Ethanol),DY-585,"120,000"
174,824.02,Amino-derivative,585-02,C41H53N5O9S2,584,604,(in Ethanol),DY-585,"120,000"
175,904.06,Maleimide,585-03,C45H53N5O11S2,584,604,(in Ethanol),DY-585,"120,000"
178,719.88,Carboxylic acid,590-00,C37H41N3O8S2,581,600,(in Ethanol),DY-590,"120,000"
179,816.96,NHS-ester,590-01,C41H44N4O10S2,581,600,(in Ethanol),DY-590,"120,000"
180,798.42,Amino-derivative,590-02,C39H48N5O7S2 * Cl,581,600,(in Ethanol),DY-590,"120,000"
181,842.01,Maleimide,590-03,C43H47N5O9S2,581,600,(in Ethanol),DY-590,"120,000"
184,765.91,Carboxylic acid,591-00,C38H43N3O10S2,581,598,(in Ethanol),DY-591,"120,000"
185,862.98,NHS-ester,591-01,C42H46N4O12S2,581,598,(in Ethanol),DY-591,"120,000"
186,844.45,Amino-derivative,591-02,C40H50N5O9S2 * Cl,581,598,(in Ethanol),DY-591,"120,000"
187,888.04,Maleimide,591-03,C44H49N5O11S2,581,598,(in Ethanol),DY-591,"120,000"
190,937.06,Carboxylic acid,594-00,C39H44N4O15S4,594,615,(in PBS),DY-594,"92,000"
191,1078.10,NHS-ester,594-01,C43H45N5O17S4 * 2 Na,594,615,(in PBS),DY-594,"92,000"
192,979.14,Amino-derivative,594-02,C41H50N6O14S4,594,615,(in PBS),DY-594,"92,000"
193,1059.19,Maleimide,594-03,C45H50N6O16S4,594,615,(in PBS),DY-594,"92,000"
196,992.18,Carboxylic acid,605-00,C43H53N5O14S4,600,624,(in PBS),DY-605,"110,000"
197,1111.22,NHS-ester,605-01,C47H55N6O16S4 * Na,600,624,(in PBS),DY-605,"110,000"
198,1034.25,Amino-derivative,605-02,C45H59N7O13S4,600,624,(in PBS),DY-605,"110,000"
199,1136.27,Maleimide,605-03,C49H58N7O15S4 * Na,600,624,(in PBS),DY-605,"110,000"
206,667.76,Carboxylic acid,610-00,C32H42N3O9S * Na,610,632,(in Ethanol),DY-610,"80,000"
207,764.82,NHS-ester,610-01,C36H45N4O11S * Na,610,632,(in Ethanol),DY-610,"80,000"
208,687.86,Amino-derivative,610-02,C34H49N5O8S,610,632,(in Ethanol),DY-610,"80,000"
209,789.89,Maleimide,610-03,C38H48N5O10S * Na,610,632,(in Ethanol),DY-610,"80,000"
212,578.73,Carboxylic acid,615-00,C32H38N2O6S,623,643,(in Ethanol),DY-615,"200,000"
213,675.80,NHS-ester,615-01,C36H41N3O8S,623,643,(in Ethanol),DY-615,"200,000"
214,734.83,Amino-derivative,615-02,C34H45N4O5S * C2F3O2,623,643,(in Ethanol),DY-615,"200,000"
215,700.86,Maleimide,615-03,C38H44N4O7S,623,643,(in Ethanol),DY-615,"200,000"
218,634.84,Carboxylic acid,630-00,C36H46N2O6S,638,658,(in Ethanol),DY-630,"200,000"
219,731.92,NHS-ester,630-01,C40H49N3O8S,638,658,(in Ethanol),DY-630,"200,000"
220,790.93,Amino-derivative,630-02,C38H53N4O5S * C2F3O2,638,658,(in Ethanol),DY-630,"200,000"
221,756.97,Maleimide,630-03,C42H52N4O7S,638,658,(in Ethanol),DY-630,"200,000"
224,736.88,Carboxylic acid,631-00,C36H45N2O9S2 * Na,637,657,(in Ethanol),DY-631,"200,000"
225,833.95,NHS-ester,631-01,C40H48N3O11S2 * Na,637,657,(in Ethanol),DY-631,"200,000"
226,756.99,Amino-derivative,631-02,C38H52N4O8S2,637,657,(in Ethanol),DY-631,"200,000"
227,859.01,Maleimide,631-03,C42H51N4O10S2 * Na,637,657,(in Ethanol),DY-631,"200,000"
230,852.96,Carboxylic acid,632-00,C37H46N2O12S3 * 2 Na,636,658,(in Ethanol),DY-632,"200,000"
231,950.03,NHS-ester,632-01,C41H49N3O14S3 * 2 Na,636,658,(in Ethanol),DY-632,"200,000"
232,873.05,Amino-derivative,632-02,C39H53N4O11S3 * Na,636,658,(in Ethanol),DY-632,"200,000"
233,975.08,Maleimide,632-03,C43H52N4O13S3 * 2 Na,636,658,(in Ethanol),DY-632,"200,000"
236,750.91,Carboxylic acid,633-00,C37H47N2O9S2 * Na,638,658,(in Ethanol),DY-633,"200,000"
237,847.98,NHS-ester,633-01,C41H50N3O11S2 * Na,638,658,(in Ethanol),DY-633,"200,000"
238,771.02,Amino-derivative,633-02,C39H54N4O8S2,638,658,(in Ethanol),DY-633,"200,000"
239,873.04,Maleimide,633-03,C43H53N4O10S2 * Na,638,658,(in Ethanol),DY-633,"200,000"
246,969.03,Carboxylic acid,634-00,C38H47N2O15S4 * 3 Na,636,657,(in Ethanol),DY-634,"200,000"
247,1066.10,NHS-ester,634-01,C42H50N3O17S4 * 3 Na,636,657,(in Ethanol),DY-634,"200,000"
248,989.12,Amino-derivative,634-02,C40H54N4O14S4 * 2 Na,636,657,(in Ethanol),DY-634,"200,000"
249,1091.16,Maleimide,634-03,C44H53N4O16S4 * 3 Na,636,657,(in Ethanol),DY-634,"200,000"
252,658.86,Carboxylic acid,635-00,C38H46N2O6S,648,670,(in Ethanol),DY-635,"200,000"
253,755.93,NHS-ester,635-01,C42H49N3O8S,648,670,(in Ethanol),DY-635,"200,000"
254,737.41,Amino-derivative,635-02,C40H53N4O5S * Cl,648,670,(in Ethanol),DY-635,"200,000"
255,780.99,Maleimide,635-03,C44H52N4O7S,648,670,(in Ethanol),DY-635,"200,000"
258,760.91,Carboxylic acid,636-00,C38H45N2O9S2 * Na,647,670,(in Ethanol),DY-636,"200,000"
259,857.98,NHS-ester,636-01,C42H48N3O11S2 * Na,647,670,(in Ethanol),DY-636,"200,000"
260,781.01,Amino-derivative,636-02,C40H52N4O8S2,647,670,(in Ethanol),DY-636,"200,000"
261,883.04,Maleimide,636-03,C44H51N4O10S2 * Na,647,670,(in Ethanol),DY-636,"200,000"
264,803.81,Carboxylic acid,641-00,C35H39N3O12S2 * 2 Na,624,654,(in Ethanol),DY-641,"80,000"
265,900.88,NHS-ester,641-01,C39H42N4O14S2 * 2 Na,624,654,(in Ethanol),DY-641,"80,000"
266,823.91,Amino-derivative,641-02,C37H46N5O11S2 * Na,624,654,(in Ethanol),DY-641,"80,000"
267,925.93,Maleimide,641-03,C41H45N5O13S2 * 2 Na,624,654,(in Ethanol),DY-641,"80,000"
274,833.83,Carboxylic acid,643-00,C36H41N3O13S2 * 2 Na,626,646,(in Ethanol),DY-643,"80,000"
275,930.90,NHS-ester,643-01,C40H44N4O15S2 * 2 Na,626,646,(in Ethanol),DY-643,"80,000"
276,853.93,Amino-derivative,643-02,C38H48N5O12S2 * Na,626,646,(in Ethanol),DY-643,"80,000"
277,955.96,Maleimide,643-03,C42H47N5O14S2 * 2 Na,626,646,(in Ethanol),DY-643,"80,000"
280,708.82,Carboxylic acid,647P1-00,C34H41N2O9S2 * Na,648,666,(in PBS),DY-647P1,"250,000"
281,805.89,NHS-ester,647P1-01,C38H44N3O11S2 * Na,648,666,(in PBS),DY-647P1,"250,000"
282,728.92,Amino-derivative,647P1-02,C36H48N4O8S2,648,666,(in PBS),DY-647P1,"250,000"
283,830.94,Maleimide,647P1-03,C40H47N4O10S2 * Na,648,666,(in PBS),DY-647P1,"250,000"
286,838.92,Carboxylic acid,648P1-00,C36H44N2O12S3 * 2 Na,651,669,(in PBS),DY-648P1,"250,000"
287,935.99,NHS-ester,648P1-01,C40H47N3O14S3 * 2 Na,651,669,(in PBS),DY-648P1,"250,000"
288,859.02,Amino-derivative,648P1-02,C38H51N4O11S3 * Na,651,669,(in PBS),DY-648P1,"250,000"
289,961.04,Maleimide,648P1-03,C42H50N4O13S3 * 2 Na,651,669,(in PBS),DY-648P1,"250,000"
292,969.03,Carboxylic acid,649P1-00,C38H47N2O15S4 * 3 Na,654,672,(in PBS),DY-649P1,"250,000"
293,1066.10,NHS-ester,649P1-01,C42H50N3O17S4 * 3 Na,654,672,(in PBS),DY-649P1,"250,000"
294,989.13,Amino-derivative,649P1-02,C40H54N4O14S4 * 2 Na,654,672,(in PBS),DY-649P1,"250,000"
295,1091.16,Maleimide,649P1-03,C44H53N4O16S4 * 3 Na,654,672,(in PBS),DY-649P1,"250,000"
302,686.92,Carboxylic acid,650-00,C40H50N2O6S,656,676,(in Ethanol),DY-650,"220,000"
303,783.99,NHS-ester,650-01,C44H53N3O8S,656,676,(in Ethanol),DY-650,"220,000"
304,765.46,Amino-derivative,650-02,C42H57N4O5S * Cl,656,676,(in Ethanol),DY-650,"220,000"
305,809.05,Maleimide,650-03,C46H56N4O7S,656,676,(in Ethanol),DY-650,"220,000"
308,788.96,Carboxylic acid,651-00,C40H49N2O9S2 * Na,655,677,(in Ethanol),DY-651,"220,000"
309,886.04,NHS-ester,651-01,C44H52N3O11S2 * Na,655,677,(in Ethanol),DY-651,"220,000"
310,809.06,Amino-derivative,651-02,C42H56N4O8S2,655,677,(in Ethanol),DY-651,"220,000"
311,911.09,Maleimide,651-03,C46H55N4O10S2 * Na,655,677,(in Ethanol),DY-651,"220,000"
314,905.03,Carboxylic acid,652-00,C41H50N2O12S3 * 2 Na,653,676,(in Ethanol),DY-652,"220,000"
315,1002.11,NHS-ester,652-01,C45H53N3O14S3 * 2 Na,653,676,(in Ethanol),DY-652,"220,000"
316,925.13,Amino-derivative,652-02,C43H57N4O11S3 * Na,653,676,(in Ethanol),DY-652,"220,000"
317,1027.16,Maleimide,652-03,C47H56N4O13S3 * 2 Na,653,676,(in Ethanol),DY-652,"220,000"
320,1007.08,Carboxylic acid,654-00,C41H49N2O15S4 * 3 Na,653,677,(in Ethanol),DY-654,"220,000"
321,1104.13,NHS-ester,654-01,C45H52N3O17S4 * 3 Na,653,677,(in Ethanol),DY-654,"220,000"
322,1027.18,Amino-derivative,654-02,C43H56N4O14S4 * 2 Na,653,677,(in Ethanol),DY-654,"220,000"
323,1129.21,Maleimide,654-03,C47H55N4O16S4 * 3 Na,653,677,(in Ethanol),DY-654,"220,000"
330,991.02,Carboxylic acid,660P1-00,C40H45N2O15S4 * 3 Na,663,682,(in PBS),DY-660P1,"200,000"
331,1088.09,NHS-ester,660P1-01,C44H48N3O17S4 * 3 Na,663,682,(in PBS),DY-660P1,"200,000"
332,1011.12,Amino-derivative,660P1-02,C42H52N4O14S4 * 2 Na,663,682,(in PBS),DY-660P1,"200,000"
333,1113.14,Maleimide,660P1-03,C46H51N4O16S4 * 3 Na,663,682,(in PBS),DY-660P1,"200,000"
336,706.91,Carboxylic acid,675-00,C42H46N2O6S,675,699,(in Ethanol),DY-675,"180,000"
337,803.98,NHS-ester,675-01,C46H49N3O8S,675,699,(in Ethanol),DY-675,"180,000"
338,785.45,Amino-derivative,675-02,C44H53N4O5S * Cl,675,699,(in Ethanol),DY-675,"180,000"
339,829.04,Maleimide,675-03,C48H52N4O7S,675,699,(in Ethanol),DY-675,"180,000"
342,808.95,Carboxylic acid,676-00,C42H45N2O9S2 * Na,675,699,(in Ethanol),DY-676,"180,000"
343,906.02,NHS-ester,676-01,C46H48N3O11S2 * Na,675,699,(in Ethanol),DY-676,"180,000"
344,829.06,Amino-derivative,676-02,C44H52N4O8S2,675,699,(in Ethanol),DY-676,"180,000"
345,931.08,Maleimide,676-03,C48H51N4O10S2 * Na,675,699,(in Ethanol),DY-676,"180,000"
348,925.02,Carboxylic acid,677-00,C43H46N2O12S3 * 2 Na,674,698,(in Ethanol),DY-677,"180,000"
349,1022.10,NHS-ester,677-01,C47H49N3O14S3 * 2 Na,674,698,(in Ethanol),DY-677,"180,000"
350,945.12,Amino-derivative,677-02,C45H53N4O11S3 * Na,674,698,(in Ethanol),DY-677,"180,000"
351,1047.15,Maleimide,677-03,C49H52N4O13S3 * 2 Na,674,698,(in Ethanol),DY-677,"180,000"
354,1027.07,Carboxylic acid,678-00,C43H45N2O15S4 * 3 Na,674,694,(in Ethanol),DY-678,"180,000"
355,1124.14,NHS-ester,678-01,C47H48N3O17S4 * 3 Na,674,694,(in Ethanol),DY-678,"180,000"
356,1047.17,Amino-derivative,678-02,C45H52N4O14S4 * 2 Na,674,694,(in Ethanol),DY-678,"180,000"
357,1149.18,Maleimide,678-03,C49H51N4O16S4 * 3 Na,674,694,(in Ethanol),DY-678,"180,000"
364,1143.14,Carboxylic acid,679P1-00,C44H46N2O18S5 * 4 Na,679,697,(in PBS),DY-679P1,"200,000"
365,1240.21,NHS-ester,679P1-01,C48H49N3O20S5 * 4 Na,679,697,(in PBS),DY-679P1,"200,000"
366,1163.24,Amino-derivative,679P1-02,C46H53N4O17S5 * 3 Na,679,697,(in PBS),DY-679P1,"200,000"
367,1265.27,Maleimide,679P1-03,C50H52N4O19S5 * 4 Na,679,697,(in PBS),DY-679P1,"200,000"
370,634.84,Carboxylic acid,680-00,C36H46N2O6S,691,709,(in Ethanol),DY-680,"140,000"
371,731.92,NHS-ester,680-01,C40H49N3O8S,691,709,(in Ethanol),DY-680,"140,000"
372,713.38,Amino-derivative,680-02,C38H53N4O5S * Cl,691,709,(in Ethanol),DY-680,"140,000"
373,756.97,Maleimide,680-03,C42H52N4O7S,691,709,(in Ethanol),DY-680,"140,000"
376,736.88,Carboxylic acid,681-00,C36H45N2O9S2 * Na,692,709,(in Ethanol),DY-681,"140,000"
377,833.95,NHS-ester,681-01,C40H48N3O11S2 * Na,692,709,(in Ethanol),DY-681,"140,000"
378,756.99,Amino-derivative,681-02,C38H52N4O8S2,692,709,(in Ethanol),DY-681,"140,000"
379,859.01,Maleimide,681-03,C42H51N4O10S2 * Na,692,709,(in Ethanol),DY-681,"140,000"
382,852.96,Carboxylic acid,682-00,C37H46N2O12S3 * 2 Na,692,709,(in Ethanol),DY-682,"140,000"
383,950.03,NHS-ester,682-01,C41H49N3O14S3 * 2 Na,692,709,(in Ethanol),DY-682,"140,000"
384,873.06,Amino-derivative,682-02,C39H53N4O11S3 * Na,692,709,(in Ethanol),DY-682,"140,000"
385,975.08,Maleimide,682-03,C43H52N4O13S3 * 2 Na,692,709,(in Ethanol),DY-682,"140,000"
392,1065.10,Carboxylic acid,684-00,C46H47N2O15S4 * 3 Na,685,699,(in Ethanol),DY-684,"140,000"
393,1162.17,NHS-ester,684-01,C50H50N3O17S4 * 3 Na,685,699,(in Ethanol),DY-684,"140,000"
394,1085.20,Amino-derivative,684-02,C48H53N4O14S4 * 2 Na,685,699,(in Ethanol),DY-684,"140,000"
395,1187.22,Maleimide,684-03,C52H52N4O16S4 * 3 Na,685,699,(in Ethanol),DY-684,"140,000"
398,668.86,Carboxylic acid,700-00,C39H44N2O6S,707,728,(in Ethanol),DY-700,"140,000"
399,765.93,NHS-ester,700-01,C43H47N3O8S,707,728,(in Ethanol),DY-700,"140,000"
400,747.40,Amino-derivative,700-02,C41H51N4O5S * Cl,707,728,(in Ethanol),DY-700,"140,000"
401,790.99,Maleimide,700-03,C45H50N4O7S,707,728,(in Ethanol),DY-700,"140,000"
404,770.90,Carboxylic acid,701-00,C39H43N2O9S2 * Na,709,730,(in Ethanol),DY-701,"140,000"
405,867.97,NHS-ester,701-01,C43H46N3O11S2 * Na,709,730,(in Ethanol),DY-701,"140,000"
406,791.01,Amino-derivative,701-02,C41H50N4O8S2,709,730,(in Ethanol),DY-701,"140,000"
407,893.03,Maleimide,701-03,C45H49N4O10S2 * Na,709,730,(in Ethanol),DY-701,"140,000"
410,886.96,Carboxylic acid,702-00,C40H44N2O12S3 * 2 Na,709,728,(in Ethanol),DY-702,"140,000"
411,984.03,NHS-ester,702-01,C44H47N3O14S3 * 2 Na,709,728,(in Ethanol),DY-702,"140,000"
412,907.06,Amino-derivative,702-02,C42H51N4O11S3 * Na,709,728,(in Ethanol),DY-702,"140,000"
413,1009.08,Maleimide,702-03,C46H50N4O13S3 * 2 Na,709,728,(in Ethanol),DY-702,"140,000"
416,800.93,Carboxylic acid,703-00,C40H45N2O10S2 * Na,705,721,(in Ethanol),DY-703,"140,000"
417,898.00,NHS-ester,703-01,C44H48N3O12S2 * Na,705,721,(in Ethanol),DY-703,"140,000"
418,821.03,Amino-derivative,703-02,C42H52N4O9S2,705,721,(in Ethanol),DY-703,"140,000"
419,923.06,Maleimide,703-03,C46H51N4O11S2 * Na,705,721,(in Ethanol),DY-703,"140,000"
426,902.97,Carboxylic acid,704-00,C40H44N2O13S3 * 2 Na,706,721,(in Ethanol),DY-704,"140,000"
427,1000.05,NHS-ester,704-01,C44H47N3O15S3 * 2 Na,706,721,(in Ethanol),DY-704,"140,000"
428,923.07,Amino-derivative,704-02,C42H51N4O12S3 * Na,706,721,(in Ethanol),DY-704,"140,000"
429,1025.10,Maleimide,704-03,C46H50N4O14S3 * 2 Na,706,721,(in Ethanol),DY-704,"140,000"
432,770.89,Carboxylic acid,705-00,C39H43N2O9S2 * Na,710,732,(in Ethanol),DY-705,"140,000"
433,867.96,NHS-ester,705-01,C43H46N3O11S2 * Na,710,732,(in Ethanol),DY-705,"140,000"
434,790.99,Amino-derivative,705-02,C41H50N4O8S2,710,732,(in Ethanol),DY-705,"140,000"
435,893.01,Maleimide,705-03,C45H49N4O10S2 * Na,710,732,(in Ethanol),DY-705,"140,000"
438,872.93,Carboxylic acid,706-00,C39H42N2O12S3 * 2 Na,710,733,(in Ethanol),DY-706,"140,000"
439,970.00,NHS-ester,706-01,C43H45N3O14S3 * 2 Na,710,733,(in Ethanol),DY-706,"140,000"
440,893.03,Amino-derivative,706-02,C41H49N4O11S3 * Na,710,733,(in Ethanol),DY-706,"140,000"
441,995.06,Maleimide,706-03,C45H48N4O13S3 * 2 Na,710,733,(in Ethanol),DY-706,"140,000"
444,882.03,Carboxylic acid,720-00,C45H52N3O10S2 * Na,726,744,(in Ethanol),DY-720,"140,000"
445,979.10,NHS-ester,720-01,C49H55N4O12S2 * Na,726,744,(in Ethanol),DY-720,"140,000"
446,902.13,Amino-derivative,720-02,C47H59N5O9S2,726,744,(in Ethanol),DY-720,"140,000"
447,1004.15,Maleimide,720-03,C51H58N5O11S2 * Na,726,744,(in Ethanol),DY-720,"140,000"
454,660.88,Carboxylic acid,730-00,C38H48N2O6S,734,755,(in Ethanol),DY-730,"240,000"
455,757.96,NHS-ester,730-01,C42H51N3O8S,734,755,(in Ethanol),DY-730,"240,000"
456,739.42,Amino-derivative,730-02,C40H55N4O5S * Cl,734,755,(in Ethanol),DY-730,"240,000"
457,783.01,Maleimide,730-03,C44H54N4O7S,734,755,(in Ethanol),DY-730,"240,000"
460,762.92,Carboxylic acid,731-00,C38H47N2O9S2 * Na,736,755,(in Ethanol),DY-731,"240,000"
461,859.99,NHS-ester,731-01,C42H50N3O11S2 * Na,736,755,(in Ethanol),DY-731,"240,000"
462,783.03,Amino-derivative,731-02,C40H54N4O8S2,736,755,(in Ethanol),DY-731,"240,000"
463,885.05,Maleimide,731-03,C44H53N4O10S2 * Na,736,755,(in Ethanol),DY-731,"240,000"
466,879.00,Carboxylic acid,732-00,C39H48N2O12S3 * 2 Na,735,756,(in Ethanol),DY-732,"240,000"
467,976.07,NHS-ester,732-01,C43H51N3O14S3 * 2 Na,735,756,(in Ethanol),DY-732,"240,000"
468,899.10,Amino-derivative,732-02,C41H55N4O11S3 * Na,735,756,(in Ethanol),DY-732,"240,000"
469,1001.12,Maleimide,732-03,C45H54N4O13S3 * 2 Na,735,756,(in Ethanol),DY-732,"240,000"
472,995.07,Carboxylic acid,734-00,C40H49N2O15S4 * 3 Na,733,755,(in Ethanol),DY-734,"240,000"
473,1092.14,NHS-ester,734-01,C44H52N3O17S4 * 3 Na,733,755,(in Ethanol),DY-734,"240,000"
474,1015.19,Amino-derivative,734-02,C42H56N4O14S4 * 2 Na,733,755,(in Ethanol),DY-734,"240,000"
475,1117.19,Maleimide,734-03,C46H55N4O16S4 * 3 Na,733,755,(in Ethanol),DY-734,"240,000"
482,786.93,Carboxylic acid,736-00,C40H47N2O9S2 * Na,743,764,(in Ethanol),DY-736,"240,000"
483,884.00,NHS-ester,736-01,C44H50N3O11S2 * Na,743,764,(in Ethanol),DY-736,"240,000"
484,807.03,Amino-derivative,736-02,C42H54N4O8S2,743,764,(in Ethanol),DY-736,"240,000"
485,909.05,Maleimide,736-03,C46H53N4O10S2 * Na,743,764,(in Ethanol),DY-736,"240,000"
488,734.85,Carboxylic acid,747P1-00,C36H43N2O9S2 * Na,747,769,(in PBS),DY-747P1,"240,000"
489,831.93,NHS-ester,747P1-01,C40H46N3O11S2 * Na,747,769,(in PBS),DY-747P1,"240,000"
490,754.96,Amino-derivative,747P1-02,C38H50N4O8S2,747,769,(in PBS),DY-747P1,"240,000"
491,856.98,Maleimide,747P1-03,C42H49N4O10S2 * Na,747,769,(in PBS),DY-747P1,"240,000"
494,995.05,Carboxylic acid,749P1-00,C40H49N2O15S4 * 3 Na,747,769,(in PBS),DY-749P1,"240,000"
495,1092.12,NHS-ester,749P1-01,C44H52N3O17S4 * 3 Na,747,769,(in PBS),DY-749P1,"240,000"
496,1015.15,Amino-derivative,749P1-02,C42H56N4O14S4 * 2 Na,747,769,(in PBS),DY-749P1,"240,000"
497,1117.18,Maleimide,749P1-03,C46H55N4O16S4 * 3 Na,747,769,(in PBS),DY-749P1,"240,000"
500,712.96,Carboxylic acid,750-00,C42H52N2O6S,751,774,(in Ethanol),DY-750,"270,000"
501,810.03,NHS-ester,750-01,C46H55N3O8S,751,774,(in Ethanol),DY-750,"270,000"
502,791.49,Amino-derivative,750-02,C44H59N4O5S * Cl,751,774,(in Ethanol),DY-750,"270,000"
503,835.08,Maleimide,750-03,C48H58N4O7S,751,774,(in Ethanol),DY-750,"270,000"
510,814.99,Carboxylic acid,751-00,C42H51N2O9S2 * Na,752,772,(in Ethanol),DY-751,"270,000"
511,912.07,NHS-ester,751-01,C46H54N3O11S2 * Na,752,772,(in Ethanol),DY-751,"270,000"
512,835.10,Amino-derivative,751-02,C44H58N4O8S2,752,772,(in Ethanol),DY-751,"270,000"
513,937.13,Maleimide,751-03,C48H57N4O10S2 * Na,752,772,(in Ethanol),DY-751,"270,000"
516,931.07,Carboxylic acid,752-00,C43H52N2O12S3 * 2 Na,750,771,(in Ethanol),DY-752,"270,000"
517,1028.15,NHS-ester,752-01,C47H55N3O14S3 * 2 Na,750,771,(in Ethanol),DY-752,"270,000"
518,951.17,Amino-derivative,752-02,C45H59N4O11S3 * Na,750,771,(in Ethanol),DY-752,"270,000"
519,1053.20,Maleimide,752-03,C49H58N4O13S3 * 2 Na,750,771,(in Ethanol),DY-752,"270,000"
522,1033.12,Carboxylic acid,754-00,C43H51N2O15S4 * 3 Na,748,771,(in Ethanol),DY-754,"270,000"
523,1130.19,NHS-ester,754-01,C47H54N3O17S4 * 3 Na,748,771,(in Ethanol),DY-754,"270,000"
524,1053.22,Amino-derivative,754-02,C45H58N4O14S4 * 2 Na,748,771,(in Ethanol),DY-754,"270,000"
525,1155.25,Maleimide,754-03,C49H57N4O16S4 * 3 Na,748,771,(in Ethanol),DY-754,"270,000"
528,1058.15,Carboxylic acid,765-00,C51H53N3O13S3 * 2 Na,765,785,(in Ethanol),DY-765,"130,000"
529,1155.23,NHS-ester,765-01,C55H56N4O15S3 * 2 Na,765,785,(in Ethanol),DY-765,"130,000"
530,1078.25,Amino-derivative,765-02,C53H60N5O12S3 * Na,765,785,(in Ethanol),DY-765,"130,000"
531,1180.28,Maleimide,765-03,C57H59N5O14S3 * 2 Na,765,785,(in Ethanol),DY-765,"130,000"
538,834.98,Carboxylic acid,776-00,C44H47N2O9S2 * Na,772,787,(in Ethanol),DY-776,"240,000"
539,932.07,NHS-ester,776-01,C48H50N3O11S2 * Na,772,787,(in Ethanol),DY-776,"240,000"
540,855.09,Amino-derivative,776-02,C46H54N4O8S2,772,787,(in Ethanol),DY-776,"240,000"
541,957.12,Maleimide,776-03,C50H53N4O10S2 * Na,772,787,(in Ethanol),DY-776,"240,000"
544,951.06,Carboxylic acid,777-00,C45H48N2O12S3 * 2 Na,770,788,(in Ethanol),DY-777,"240,000"
545,1048.14,NHS-ester,777-01,C49H51N3O14S3 * 2 Na,770,788,(in Ethanol),DY-777,"240,000"
546,971.16,Amino-derivative,777-02,C47H55N4O11S3 * Na,770,788,(in Ethanol),DY-777,"240,000"
547,1073.19,Maleimide,777-03,C51H54N4O13S3 * 2 Na,770,788,(in Ethanol),DY-777,"240,000"
550,1053.11,Carboxylic acid,778-00,C45H47N2O15S4 * 3 Na,767,787,(in Ethanol),DY-778,"240,000"
551,1150.18,NHS-ester,778-01,C49H50N3O17S4 * 3 Na,767,787,(in Ethanol),DY-778,"240,000"
552,1073.21,Amino-derivative,778-02,C47H54N4O14S4 * 2 Na,767,787,(in Ethanol),DY-778,"240,000"
553,1175.24,Maleimide,778-03,C51H53N4O16S4 * 3 Na,767,787,(in Ethanol),DY-778,"240,000"
556,660.88,Carboxylic acid,780-00,C38H48N2O6S,783,799,(in Ethanol),DY-780,"170,000"
557,757.95,NHS-ester,780-01,C42H51N3O8S,783,799,(in Ethanol),DY-780,"170,000"
558,816.97,Amino-derivative,780-02,C31H55N4O5S * C2F3O2,783,799,(in Ethanol),DY-780,"170,000"
559,783.01,Maleimide,780-03,C44H54N4O7S,783,799,(in Ethanol),DY-780,"170,000"
566,762.92,Carboxylic acid,781-00,C38H47N2O9S2 * Na,784,796,(in Ethanol),DY-781,"170,000"
567,860.00,NHS-ester,781-01,C42H50N3O11S2 * Na,784,796,(in Ethanol),DY-781,"170,000"
568,783.03,Amino-derivative,781-02,C40H54N4O8S2,784,796,(in Ethanol),DY-781,"170,000"
569,885.05,Maleimide,781-03,C44H53N4O10S2 * Na,784,796,(in Ethanol),DY-781,"170,000"
572,879.00,Carboxylic acid,782-00,C39H48N2O12S3 * 2 Na,785,794,(in Ethanol),DY-782,"170,000"
573,976.07,NHS-ester,782-01,C43H51N3O14S3 * 2 Na,785,794,(in Ethanol),DY-782,"170,000"
574,899.10,Amino-derivative,782-02,C41H55N4O11S3 * Na,785,794,(in Ethanol),DY-782,"170,000"
575,1001.12,Maleimide,782-03,C45H54N4O13S3 * 2 Na,785,794,(in Ethanol),DY-782,"170,000"
578,1091.14,Carboxylic acid,784-00,C48H49N2O15S4 * 3 Na,779,780,(in Ethanol),DY-784,"170,000"
579,1188.21,NHS-ester,784-01,C52H52N3O17S4 * 3 Na,779,780,(in Ethanol),DY-784,"170,000"
580,1111.24,Amino-derivative,784-02,C50H56N4O14S4 * 2 Na,779,780,(in Ethanol),DY-784,"170,000"
581,1213.26,Maleimide,784-03,C54H55N4O16S4 * 3 Na,779,780,(in Ethanol),DY-784,"170,000"
584,953.08,Carboxylic acid,800-00,C45H50N2O12S3 * 2 Na,777,791,(in Ethanol),DY-800,"280,000"
585,1050.15,NHS-ester,800-01,C49H53N3O14S3 * 2 Na,777,791,(in Ethanol),DY-800,"280,000"
586,973.18,Amino-derivative,800-02,C47H57N4O11S3 * Na,777,791,(in Ethanol),DY-800,"280,000"
587,1075.21,Maleimide,800-03,C51H56N4O13S3 * 2 Na,777,791,(in Ethanol),DY-800,"280,000"
594,866.97,Carboxylic acid,805-00,C44H47N2O11S2 * Na,800,824,(in Ethanol),DY-805,"150,000"
595,964.04,NHS-ester,805-01,C48H50N3O13S2 * Na,800,824,(in Ethanol),DY-805,"150,000"
596,887.07,Amino-derivative,805-02,C46H54N4O10S2,800,824,(in Ethanol),DY-805,"150,000"
597,989.10,Maleimide,805-03,C50H53N4O12S2 * Na,800,824,(in Ethanol),DY-805,"150,000"
600,908.07,Carboxylic acid,820-00,C47H54N3O10S2 * Na,823,843,(in Ethanol),DY-820,"200,000"
601,1005.14,NHS-ester,820-01,C51H57N4O12S2 * Na,823,843,(in Ethanol),DY-820,"200,000"
602,928.17,Amino-derivative,820-02,C49H61N5O9S2,823,843,(in Ethanol),DY-820,"200,000"
603,1030.19,Maleimide,820-03,C53H60N5O11S2 * Na,823,843,(in Ethanol),DY-820,"200,000"
606,788.96,Carboxylic acid,831-00,C40H49N2O9S2 * Na,844,875,(in Ethanol),DY-831,"220,000"
607,886.04,NHS-ester,831-01,C44H52N3O11S2 * Na,844,875,(in Ethanol),DY-831,"220,000"
608,809.06,Amino-derivative,831-02,C42H56N4O8S2,844,875,(in Ethanol),DY-831,"220,000"
609,911.09,Maleimide,831-03,C46H55N4O10S2 * Na,844,875,(in Ethanol),DY-831,"220,000"
612,1062.19,Carboxylic acid,845-00,C51H57N3O13S3 * 2 Na,847,876,(in Ethanol),DY-845,"160,000"
613,1159.26,NHS-ester,845-01,C55H60N4O15S3 * 2 Na,847,876,(in Ethanol),DY-845,"160,000"
614,1082.29,Amino-derivative,845-02,C53H64N5O12S3 * Na,847,876,(in Ethanol),DY-845,"160,000"
615,1184.31,Maleimide,845-03,C57H63N5O14S3 * 2 Na,847,876,(in Ethanol),DY-845,"160,000"
622,1084.19,Carboxylic acid,865-00,C53H55N3O13S3 * 2 Na,863,896,(in Ethanol),DY-865,"190,000"
623,1181.26,NHS-ester,865-01,C57H58N4O15S3 * 2 Na,863,896,(in Ethanol),DY-865,"190,000"
624,1104.29,Amino-derivative,865-02,C55H62N5O12S3 * Na,863,896,(in Ethanol),DY-865,"190,000"
625,1206.32,Maleimide,865-03,C59H61N5O14S3 * 2 Na,863,896,(in Ethanol),DY-865,"190,000"
628,634.65,Carboxylic acid,350XL-00,C25H31N4O10S2 * Na,347,608,(in PBS),DY-350XL,"17,000"
629,731.74,NHS-ester,350XL-01,C29H34N5O12S2 * Na,347,608,(in PBS),DY-350XL,"17,000"
630,654.77,Amino-derivative,350XL-02,C27H38N6O9S2,347,608,(in PBS),DY-350XL,"17,000"
631,756.79,Maleimide,350XL-03,C31H37N6O11S2 * Na,347,608,(in PBS),DY-350XL,"17,000"
634,632.61,Carboxylic acid,360XL-00,C27H26N2O9S2 * 2 Na,362,459,(in PBS),DY-360XL,"27,000"
635,729.69,NHS-ester,360XL-01,C31H29N3O11S2 * 2 Na,362,459,(in PBS),DY-360XL,"27,000"
636,652.71,Amino-derivative,360XL-02,C29H33N4O8S2 * Na,362,459,(in PBS),DY-360XL,"27,000"
637,754.74,Maleimide,360XL-03,C33H32N4O10S2 * 2 Na,362,459,(in PBS),DY-360XL,"27,000"
640,542.51,Carboxylic acid,370XL-00,C22H19N2O9S2 * Na,368,475,(in PBS),DY-370XL,"17,000"
641,639.59,NHS-ester,370XL-01,C26H22N3O11S2 * Na,368,475,(in PBS),DY-370XL,"17,000"
642,562.62,Amino-derivative,370XL-02,C24H26N4O8S2,368,475,(in PBS),DY-370XL,"17,000"
643,664.64,Maleimide,370XL-03,C28H25N4O10S2 * Na,368,475,(in PBS),DY-370XL,"17,000"
646,447.46,Carboxylic acid,375XL-00,C20H21N3O7S,375,543,(in PBS),DY-375XL,"20,000"
647,544.53,NHS-ester,375XL-01,C24H24N4O9S,375,543,(in PBS),DY-375XL,"20,000"
648,526.00,Amino-derivative,375XL-02,C22H28N5O6S * Cl,375,543,(in PBS),DY-375XL,"20,000"
649,569.58,Maleimide,375XL-03,C26H27N5O8S,375,543,(in PBS),DY-375XL,"20,000"
656,576.57,Carboxylic acid,376XL-00,C23H25N2O10S2 * Na,387,549,(in PBS),DY-376XL,"25,400"
657,673.64,NHS-ester,376XL-01,C27H28N3O12S2 * Na,387,549,(in PBS),DY-376XL,"25,400"
658,596.67,Amino-derivative,376XL-02,C25H32N4O9S2,387,549,(in PBS),DY-376XL,"25,400"
659,698.69,Maleimide,376XL-03,C29H31N4O11S2 * Na,387,549,(in PBS),DY-376XL,"25,400"
662,448.49,Carboxylic acid,380XL-00,C21H24N2O7S,382,510,(in PBS),DY-380XL,"22,000"
663,545.56,NHS-ester,380XL-01,C25H27N3O9S,382,510,(in PBS),DY-380XL,"22,000"
664,527.03,Amino-derivative,380XL-02,C23H31N4O6S * Cl,382,510,(in PBS),DY-380XL,"22,000"
665,570.61,Maleimide,380XL-03,C27H30N4O8S,382,510,(in PBS),DY-380XL,"22,000"
668,490.53,Carboxylic acid,395XL-00,C22H26N4O7S,397,572,(in PBS),DY-395XL,"22,000"
669,587.60,NHS-ester,395XL-01,C26H29N5O9S,397,572,(in PBS),DY-395XL,"22,000"
670,569.07,Amino-derivative,395XL-02,C24H33N6O6S * Cl,397,572,(in PBS),DY-395XL,"22,000"
671,612.65,Maleimide,395XL-03,C28H32N6O8S,397,572,(in PBS),DY-395XL,"22,000"
674,474.53,Carboxylic acid,396XL-00,C23H26N2O7S,394,572,(in PBS),DY-396XL,"26,600"
675,571.60,NHS-ester,396XL-01,C27H29N3O9S,394,572,(in PBS),DY-396XL,"26,600"
676,553.07,Amino-derivative,396XL-02,C25H33N4O6S * Cl,394,572,(in PBS),DY-396XL,"26,600"
677,596.65,Maleimide,396XL-03,C29H32N4O8S,394,572,(in PBS),DY-396XL,"26,600"
684,585.62,Carboxylic acid,475XL-00,C29H31NO10S,494,512,(in Ethanol),DY-475XL,"90,000"
685,682.69,NHS-ester,475XL-01,C33H34N2O12S,494,512,(in Ethanol),DY-475XL,"90,000"
686,627.70,Amino-derivative,475XL-02,C31H37N3O9S,494,512,(in Ethanol),DY-475XL,"90,000"
687,707.75,Maleimide,475XL-03,C35H37N3O11S,494,512,(in Ethanol),DY-475XL,"90,000"
690,514.60,Carboxylic acid,480XL-00,C26H30N2O7S,504,631,(in Ethanol),DY-480XL,"50,000"
691,611.68,NHS-ester,480XL-01,C30H33N3O9S,504,631,(in Ethanol),DY-480XL,"50,000"
692,593.14,Amino-derivative,480XL-02,C28H37N4O6S * Cl,504,631,(in Ethanol),DY-480XL,"50,000"
693,636.73,Maleimide,480XL-03,C32H36N4O8S,504,631,(in Ethanol),DY-480XL,"50,000"
696,630.67,Carboxylic acid,481XL-00,C27H31N2O10S2 * Na,521,649,(in Ethanol),DY-481XL,"50,000"
697,727.75,NHS-ester,481XL-01,C31H34N3O12S2 * Na,521,649,(in Ethanol),DY-481XL,"50,000"
698,650.78,Amino-derivative,481XL-02,C29H38N4O9S2,521,649,(in Ethanol),DY-481XL,"50,000"
699,752.80,Maleimide,481XL-03,C33H37N4O11S2 * Na,521,649,(in Ethanol),DY-481XL,"50,000"
702,502.59,Carboxylic acid,485XL-00,C25H30N2O7S,488,559,(in Ethanol),DY-485XL,"50,000"
703,599.67,NHS-ester,485XL-01,C29H33N3O9S,488,559,(in Ethanol),DY-485XL,"50,000"
704,581.13,Amino-derivative,485XL-02,C27H37N4O6S * Cl,488,559,(in Ethanol),DY-485XL,"50,000"
705,624.72,Maleimide,485XL-03,C31H36N4O8S,488,559,(in Ethanol),DY-485XL,"50,000"
712,515.44,Carboxylic acid,494XL-00,C26H31N2O4 * Br,497,639,(in Ethanol),DY-494XL,"50,000"
713,612.51,NHS-ester,494XL-01,C30H34N3O6 * Br,497,639,(in Ethanol),DY-494XL,"50,000"
714,549.53,Amino-derivative,494XL-02,C28H38N4O2 * 2 Cl,497,639,(in Ethanol),DY-494XL,"50,000"
715,637.56,Maleimide,494XL-03,C32H37N4O5 * Br,497,639,(in Ethanol),DY-494XL,"50,000"
718,554.67,Carboxylic acid,510XL-00,C29H34N2O7S,512,590,(in Ethanol),DY-510XL,"50,000"
719,651.74,NHS-ester,510XL-01,C33H37N3O9S,512,590,(in Ethanol),DY-510XL,"50,000"
720,633.21,Amino-derivative,510XL-02,C31H41N4O6S * Cl,512,590,(in Ethanol),DY-510XL,"50,000"
721,676.80,Maleimide,510XL-03,C35H40N4O8S,512,590,(in Ethanol),DY-510XL,"50,000"
724,656.70,Carboxylic acid,511XL-00,C29H33N2O10S2 * Na,510,595,(in PBS),DY-511XL,"50,000"
725,753.77,NHS-ester,511XL-01,C33H36N3O12S2 * Na,510,595,(in PBS),DY-511XL,"50,000"
726,676.80,Amino-derivative,511XL-02,C31H40N4O9S2,510,595,(in PBS),DY-511XL,"50,000"
727,778.82,Maleimide,511XL-03,C35H39N4O11S2 * Na,510,595,(in PBS),DY-511XL,"50,000"
730,514.60,Carboxylic acid,520XL-00,C26H30N2O7S,522,662,(in Ethanol),DY-520XL,"50,000"
731,611.68,NHS-ester,520XL-01,C30H33N3O9S,522,662,(in Ethanol),DY-520XL,"50,000"
732,593.14,Amino-derivative,520XL-02,C28H37N4O6S * Cl,522,662,(in Ethanol),DY-520XL,"50,000"
733,636.73,Maleimide,520XL-03,C32H36N4O8S,522,662,(in Ethanol),DY-520XL,"50,000"
740,630.67,Carboxylic acid,521XL-00,C27H31N2O10S2 * Na,526,666,(in Ethanol),DY-521XL,"50,000"
741,727.75,NHS-ester,521XL-01,C31H34N3O12S2 * Na,526,666,(in Ethanol),DY-521XL,"50,000"
742,650.78,Amino-derivative,521XL-02,C29H38N4O9S2,526,666,(in Ethanol),DY-521XL,"50,000"
743,752.80,Maleimide,521XL-03,C33H37N4O11S2 * Na,526,666,(in Ethanol),DY-521XL,"50,000"
746,788.75,Carboxylic acid,DYQ1-00,C32H34N6O11S2 * 2 Na,543,0,(in PBS),DYQ-1,"44,000"
747,885.83,NHS-ester,DYQ1-01,C36H37N7O13S2 * 2 Na,543,0,(in PBS),DYQ-1,"44,000"
748,808.85,Amino-derivative,DYQ1-02,C34H41N8O10S2 * Na,543,0,(in PBS),DYQ-1,"44,000"
749,910.88,Maleimide,DYQ1-03,C38H40N8O12S2 * 2 Na,543,0,(in PBS),DYQ-1,"44,000"
753,745.79,Carboxylic acid,DYQ2-00,C36H36NO11S2 * Na,641,0,(in PBS),DYQ-2,"105,000"
754,842.86,NHS-ester,DYQ2-01,C40H39N2O13S2 * Na,641,0,(in PBS),DYQ-2,"105,000"
755,765.89,Amino-derivative,DYQ2-02,C38H43N3O10S2,641,0,(in PBS),DYQ-2,"105,000"
756,867.91,Maleimide,DYQ2-03,C42H42N3O12S2 * Na,641,0,(in PBS),DYQ-2,"105,000"
760,802.84,Carboxylic acid,DYQ3-00,C35H36N2O11S3 * 2 Na,683,0,(in PBS),DYQ-3,"80,000"
761,899.91,NHS-ester,DYQ3-01,C39H39N3O13S3 * 2 Na,683,0,(in PBS),DYQ-3,"80,000"
762,822.94,Amino-derivative,DYQ3-02,C37H43N4O10S3 * Na,683,0,(in PBS),DYQ-3,"80,000"
763,924.97,Maleimide,DYQ3-03,C41H42N4O12S3 * 2 Na,683,0,(in PBS),DYQ-3,"80,000"
767,796.92,Carboxylic acid,DYQ4-00,C41H45N2O9S2 * Na,766,0,(in PBS),DYQ-4,"180,000"
768,893.99,NHS-ester,DYQ4-01,C45H48N3O11S2 * Na,766,0,(in PBS),DYQ-4,"180,000"
769,817.02,Amino-derivative,DYQ4-02,C43H52N4O8S2,766,0,(in PBS),DYQ-4,"180,000"
770,919.05,Maleimide,DYQ4-03,C47H51N4O10S2 * Na,766,0,(in PBS),DYQ-4,"180,000"
778,784.36,Carboxylic acid,425Q-00,C23H22Br2N4O10S2 * 2 Na,429,0,(in PBS),DYQ-425,"24,500"
779,881.43,NHS-ester,425Q-01,C27H25Br2N5O12S2 * 2 Na,429,0,(in PBS),DYQ-425,"24,500"
780,804.46,Amino-derivative,425Q-02,C25H29Br2N6O9S2 * Na,429,0,(in PBS),DYQ-425,"24,500"
781,906.48,Maleimide,425Q-03,C29H28Br2N6O11S2 * 2 Na,429,0,(in PBS),DYQ-425,"24,500"
785,713.73,Carboxylic acid,505Q-00,C31H33N5O8S2 * 2 Na,506,0,(in PBS),DYQ-505,"44,000"
786,810.80,NHS-ester,505Q-01,C35H36N6O10S2 * 2 Na,506,0,(in PBS),DYQ-505,"44,000"
787,733.83,Amino-derivative,505Q-02,C33H40N7O7S2 * Na,506,0,(in PBS),DYQ-505,"44,000"
788,835.85,Maleimide,505Q-03,C37H39N7O9S2 * 2 Na,506,0,(in PBS),DYQ-505,"44,000"
792,668.84,Carboxylic acid,660Q-00,C39H44N2O6S,660,0,(in Ethanol),DYQ-660,"140,000"
793,765.91,NHS-ester,660Q-01,C43H47N3O8S,660,0,(in Ethanol),DYQ-660,"140,000"
794,747.38,Amino-derivative,660Q-02,C41H51N4O5S * Cl,660,0,(in Ethanol),DYQ-660,"140,000"
795,790.96,Maleimide,660Q-03,C45H50N4O7S,660,0,(in Ethanol),DYQ-660,"140,000"
807,770.88,Carboxylic acid,661Q-00,C39H43N2O9S2 * Na,662,0,(in Ethanol),DYQ-661,"140,000"
808,867.96,NHS-ester,661Q-01,C43H46N3O11S2 * Na,662,0,(in Ethanol),DYQ-661,"140,000"
809,790.99,Amino-derivative,661Q-02,C41H50N4O8S2,662,0,(in Ethanol),DYQ-661,"140,000"
810,893.01,Maleimide,661Q-03,C45H49N4O10S2 * Na,662,0,(in Ethanol),DYQ-661,"140,000"
831,808.89,Carboxylic acid,700Q-00,C39H41N6O8S2 * Na,691,0,(in PBS),DYQ-700,"58,000"
832,905.97,NHS-ester,700Q-01,C43H44N7O10S2 * Na,691,0,(in PBS),DYQ-700,"58,000"
833,828.99,Amino-derivative,700Q-02,C41H48N8O7S2,691,0,(in PBS),DYQ-700,"58,000"
834,931.02,Maleimide,700Q-03,C45H47N8O9S2 * Na,691,0,(in PBS),DYQ-700,"58,000"
838,798.89,Carboxylic acid,485XLP4-00,C37H54N2O15S,478,557,(in Ethanol),DY-485XLP4,"50,000"
839,895.97,NHS-ester,485XLP4-01,C41H57N3O17S,478,557,(in Ethanol),DY-485XLP4,"50,000"
840,877.44,Amino-derivative,485XLP4-02,C39H61N4O14S * Cl,478,557,(in Ethanol),DY-485XLP4,"50,000"
841,921.02,Maleimide,485XLP4-03,C43H60N4O16S,478,557,(in Ethanol),DY-485XLP4,"50,000"
845,838.96,Carboxylic acid,520XLP4-00,C40H58N2O15S,514,665,(in Ethanol),DY-520XLP4,"50,000"
846,936.03,NHS-ester,520XLP4-01,C44H61N3O17S,514,665,(in Ethanol),DY-520XLP4,"50,000"
847,917.50,Amino-derivative,520XLP4-02,C42H65N4O14S * Cl,514,665,(in Ethanol),DY-520XLP4,"50,000"
848,961.08,Maleimide,520XLP4-03,C46H64N4O16S,514,665,(in Ethanol),DY-520XLP4,"50,000"
852,1005.17,Carboxylic acid,547P4-00,C47H69N2O16S2 * Na,557,571,(in PBS),DY-547P4,"150,000"
853,1102.25,NHS-ester,547P4-01,C51H72N3O18S2 * Na,557,571,(in PBS),DY-547P4,"150,000"
854,1025.28,Amino-derivative,547P4-02,C49H76N4O15S2,557,571,(in PBS),DY-547P4,"150,000"
855,1127.30,Maleimide,547P4-03,C53H75N4O17S2 * Na,557,571,(in PBS),DY-547P4,"150,000"
859,1061.24,Carboxylic acid,631P4-00,C50H73N2O17S2 * Na,637,659,(in Ethanol),DY-631P4,"200,000"
860,1158.31,NHS-ester,631P4-01,C54H76N3O19S2 * Na,637,659,(in Ethanol),DY-631P4,"200,000"
861,1081.34,Amino-derivative,631P4-02,C52H80N4O16S2,637,659,(in Ethanol),DY-631P4,"200,000"
862,1183.36,Maleimide,631P4-03,C56H79N4O18S2 * Na,637,659,(in Ethanol),DY-631P4,"200,000"
870,1327.53,Carboxylic acid,647P4-00,C61H95N2O24S2 * Na,656,674,(in PBS),DY-647P4,"250,000"
871,1424.60,NHS-ester,647P4-01,C65H98N3O26S2 * Na,656,674,(in PBS),DY-647P4,"250,000"
872,1347.63,Amino-derivative,647P4-02,C63H102N4O23S2,656,674,(in PBS),DY-647P4,"250,000"
873,1449.65,Maleimide,647P4-03,C67H101N4O25S2 * Na,656,674,(in PBS),DY-647P4,"250,000"
877,1631.73,Carboxylic acid,679P4-00,C69H97N2O30S4 * 3 Na,684,703,(in PBS),DY-679P4,"200,000"
878,1728.81,NHS-ester,679P4-01,C73H100N3O32S4 * 3 Na,684,703,(in PBS),DY-679P4,"200,000"
879,1651.83,Amino-derivative,679P4-02,C71H104N4O29S4 * 2 Na,684,703,(in PBS),DY-679P4,"200,000"
880,1753.86,Maleimide,679P4-03,C75H103N4O31S4 * 3 Na,684,703,(in PBS),DY-679P4,"200,000"
884,1061.24,Carboxylic acid,681P4-00,C50H73N2O17S2 * Na,690,709,(in Ethanol),DY-681P4,"140,000"
885,1158.31,NHS-ester,681P4-01,C54H76N3O19S2 * Na,690,709,(in Ethanol),DY-681P4,"140,000"
886,1081.34,Amino-derivative,681P4-02,C52H80N4O16S2,690,709,(in Ethanol),DY-681P4,"140,000"
887,1183.36,Maleimide,681P4-03,C56H79N4O18S2 * Na,690,709,(in Ethanol),DY-681P4,"140,000"
891,1125.28,Carboxylic acid,703P4-00,C54H73N2O18S2 * Na,704,722,(in Ethanol),DY-703P4,"140,000"
892,1222.35,NHS-ester,703P4-01,C58H76N3O20S2 * Na,704,722,(in Ethanol),DY-703P4,"140,000"
893,1145.38,Amino-derivative,703P4-02,C56H80N4O17S2,704,722,(in Ethanol),DY-703P4,"140,000"
894,1247.40,Maleimide,703P4-03,C60H79N4O19S2 * Na,704,722,(in Ethanol),DY-703P4,"140,000"
902,1227.32,Carboxylic acid,704P4-00,C54H72N2O21S3 * 2 Na,705,721,(in Ethanol),DY-704P4,"140,000"
903,1324.40,NHS-ester,704P4-01,C58H75N3O23S3 * 2 Na,705,721,(in Ethanol),DY-704P4,"140,000"
904,1247.43,Amino-derivative,704P4-02,C56H79N4O20S3 * Na,705,721,(in Ethanol),DY-704P4,"140,000"
905,1349.45,Maleimide,704P4-03,C60H78N4O22S3 * 2 Na,705,721,(in Ethanol),DY-704P4,"140,000"
909,1087.27,Carboxylic acid,731P4-00,C52H75N2O17S2 * Na,737,754,(in Ethanol),DY-731P4,"220,000"
910,1184.35,NHS-ester,731P4-01,C56H78N3O19S2 * Na,737,754,(in Ethanol),DY-731P4,"220,000"
911,1107.38,Amino-derivative,731P4-02,C54H82N4O16S2,737,754,(in Ethanol),DY-731P4,"220,000"
912,1209.40,Maleimide,731P4-03,C58H81N4O18S2 * Na,737,754,(in Ethanol),DY-731P4,"220,000"
916,1353.56,Carboxylic acid,747P4-00,C63H97N2O24S2 * Na,756,776,(in PBS),DY-747P4,"240,000"
917,1450.64,NHS-ester,747P4-01,C67H100N3O26S2 * Na,756,776,(in PBS),DY-747P4,"240,000"
918,1373.66,Amino-derivative,747P4-02,C65H104N4O23S2,756,776,(in PBS),DY-747P4,"240,000"
919,1475.69,Maleimide,747P4-03,C69H103N4O25S2 * Na,756,776,(in PBS),DY-747P4,"240,000"
923,1087.28,Carboxylic acid,781P4-00,C52H75N2O17S2 * Na,784,795,(in Ethanol),DY-781P4,"170,000"
924,1184.35,NHS-ester,781P4-01,C56H78N3O19S2 * Na,784,795,(in Ethanol),DY-781P4,"170,000"
925,1107.38,Amino-derivative,781P4-02,C54H82N4O16S2,784,795,(in Ethanol),DY-781P4,"170,000"
926,1209.40,Maleimide,781P4-03,C58H81N4O18S2 * Na,784,795,(in Ethanol),DY-781P4,"170,000"
934,1587.77,Carboxylic acid,800P4-00,C72H104N2O28S3 * 2 Na,783,795,(in PBS),DY-800P4,"250,000"
935,1684.84,NHS-ester,800P4-01,C76H107N3O30S3 * 2 Na,783,795,(in PBS),DY-800P4,"250,000"
936,1607.87,Amino-derivative,800P4-02,C74H111N4O27S3 * Na,783,795,(in PBS),DY-800P4,"250,000"
937,1709.89,Maleimide,800P4-03,C78H110N4O29S3 * 2 Na,783,795,(in PBS),DY-800P4,"250,000"
941,697.88,,FatRed-00,C41H51N3O7,656,680,(in Ethanol),FatRed,"95,000"
950,751.94,,Stain01-00,C37H50N3O8S2 * Na,513,580,(in Ethanol),Stain01,"120,000"
952,454.42,Carboxylic acid,344IN-00,C20H19N2O7S * Na,387,549,protonated form at pH 3,DY-344IN,"27,000"
953,551.50,NHS-ester,344IN-01,C24H22N3O9S * Na,387,549,protonated form at pH 3,DY-344IN,"27,000"
954,474.53,Amino-derivative,344IN-02,C22H26N4O6S,387,549,protonated form at pH 3,DY-344IN,"27,000"
955,576.55,Maleimide,344IN-03,C26H25N4O8S * Na,387,549,protonated form at pH 3,DY-344IN,"27,000"
966,564.50,,V02-07027,C28H37N4OS * BF4,477,522,(in Ethanol),V02-07027,"70,000"
974,887.88,,V02-08078,C32H46N5OS * 3 C2F3O2,492,537,(in Ethanol),V02-08078,"90,000"
997,578.48,,V13-01184,C28H35N4O2S * BF4,481,526,(in Ethanol),V13-01184,"80,000"
1008,440.24,,MTD-1,C21H25N2O3 * BF4,485,558,(in Ethanol),MitoDy-1,"62,000"
1022,620.96,,660-SL-00,C43H60N2O,665,0,(in Ethanol),DY-660-SL,"20,000"
1023,559.01,,840-S-00,C32H31N2O·ClO4,840,0,(in Ethanol),DY-840-S,"65,000"
1024,637.09,,660-X,C33H33N2O5·ClO4,662,693,(in Dichloromethane),DY-660-X,"80,000"
1037,516.98,,665-X,C26H29N2O3·ClO4,670,690,(in Dichloromethane),DY-665-X,"80,000"
